name,phone,email,active
Col Hendricks,0400 111 222,col@example.com,true
Steve Lindquist,0400 333 444,steve@example.com,true
Hamish Grady,0400 555 666,hamish@example.com,true
Vera Sokolova,0400 777 888,vera@example.com,true
Marion D'Souza,0400 999 000,marion@example.com,true
Danny Pfeiffer,0411 111 222,danny@example.com,true
Ade Okoro,0411 333 444,ade@example.com,true
Nia Roberts,0411 555 666,nia@example.com,true
Trish Baumann,0411 777 888,trish@example.com,true
Kylie Toomey,0409 226 731,kylie@example.com,true
